day,date,content_type,topic,category,brands,keyword
1,2026-08-03,Captivate,"5 помилок монтажу камер, через які не видно обличчя для квартира: міф, який коштує грошей",відеоспостереження,Hikvision / Dahua / Uniview,КАМЕРА
2,2026-08-04,Expert,"AcuSense, ColorVu та WizSense простими словами для офіс: помилка, яку видно лише після проблеми",технології камер,Hikvision / Dahua,ТЕХНОЛОГІЯ
3,2026-08-05,Proof,До/після: акуратне кабелювання і серверний щит для паркінг: тест на реальному сценарії,соціальний доказ,ALT-CAM,МОНТАЖ
4,2026-08-06,Offer,Комплект відеоспостереження на 4 камери під ключ для виробництво: до/після без прикрас,готовий комплект,Hikvision / Dahua / Uniview,КОМПЛЕКТ
5,2026-08-07,Captivate,"Блекаут: що вимкнеться першим — камери, роутер чи Ajax для магазин: скільки коштує помилка",резервне живлення,Ajax / UPS / LiFePO4,РЕЗЕРВ
6,2026-08-08,Expert,"Безпечне налаштування Hik-Connect, DMSS та Imou Life для ОСББ: чек-лист перед покупкою",віддалений доступ,Hikvision / Dahua / Imou,ДОСТУП
7,2026-08-09,Proof,"Ajax + камери: як зрозуміти, що сталося під час тривоги для салон: чесне питання власнику",Ajax,Ajax / Hikvision / Dahua / Uniview,AJAX
8,2026-08-10,Offer,Відеодомофон для будинку: бачити гостя і відкривати зі смартфона для приватний будинок: антифакап для дому й бізнесу,домофонія,Dahua / Hikvision / Imou,ДОМОФОН
9,2026-08-11,Captivate,"СКУД для офісу: як прибрати хаос із ключами для склад: міф, який коштує грошей",контроль доступу,Dahua / Hikvision / U-Prox,СКУД
10,2026-08-12,Expert,"Камера для магазину: каса, вхід і сліпі зони для кав’ярня: помилка, яку видно лише після проблеми",бізнес,Hikvision / Dahua / Uniview,БІЗНЕС
11,2026-08-13,Proof,Двір приватного будинку: як закрити сліпі зони для квартира: тест на реальному сценарії,приватний будинок,Hikvision / Dahua / Uniview,ДВІР
12,2026-08-14,Offer,Ложні тривоги Ajax: чому систему вимикають для офіс: до/після без прикрас,Ajax,Ajax,ТРИВОГА
13,2026-08-15,Captivate,"Під’їзд ОСББ: домофон, доводчик і контроль входу для паркінг: скільки коштує помилка",ОСББ,Dahua / Hikvision / U-Prox,ПІДЇЗД
14,2026-08-16,Expert,Самостійний монтаж: чому переробка часто дорожча для виробництво: чек-лист перед покупкою,факап,ALT-CAM,АУДИТ
15,2026-08-17,Proof,Скільки днів архіву реально потрібно для магазин: чесне питання власнику,архів,Hikvision / Dahua / Uniview,АРХІВ
16,2026-08-18,Offer,"5 помилок монтажу камер, через які не видно обличчя для ОСББ: антифакап для дому й бізнесу",відеоспостереження,Hikvision / Dahua / Uniview,КАМЕРА
17,2026-08-19,Captivate,"AcuSense, ColorVu та WizSense простими словами для салон: міф, який коштує грошей",технології камер,Hikvision / Dahua,ТЕХНОЛОГІЯ
18,2026-08-20,Expert,"До/після: акуратне кабелювання і серверний щит для приватний будинок: помилка, яку видно лише після проблеми",соціальний доказ,ALT-CAM,МОНТАЖ
19,2026-08-21,Proof,Комплект відеоспостереження на 4 камери під ключ для склад: тест на реальному сценарії,готовий комплект,Hikvision / Dahua / Uniview,КОМПЛЕКТ
20,2026-08-22,Offer,"Блекаут: що вимкнеться першим — камери, роутер чи Ajax для кав’ярня: до/після без прикрас",резервне живлення,Ajax / UPS / LiFePO4,РЕЗЕРВ
21,2026-08-23,Captivate,"Безпечне налаштування Hik-Connect, DMSS та Imou Life для квартира: скільки коштує помилка",віддалений доступ,Hikvision / Dahua / Imou,ДОСТУП
22,2026-08-24,Expert,"Ajax + камери: як зрозуміти, що сталося під час тривоги для офіс: чек-лист перед покупкою",Ajax,Ajax / Hikvision / Dahua / Uniview,AJAX
23,2026-08-25,Proof,Відеодомофон для будинку: бачити гостя і відкривати зі смартфона для паркінг: чесне питання власнику,домофонія,Dahua / Hikvision / Imou,ДОМОФОН
24,2026-08-26,Offer,СКУД для офісу: як прибрати хаос із ключами для виробництво: антифакап для дому й бізнесу,контроль доступу,Dahua / Hikvision / U-Prox,СКУД
25,2026-08-27,Captivate,"Камера для магазину: каса, вхід і сліпі зони для магазин: міф, який коштує грошей",бізнес,Hikvision / Dahua / Uniview,БІЗНЕС
26,2026-08-28,Expert,"Двір приватного будинку: як закрити сліпі зони для ОСББ: помилка, яку видно лише після проблеми",приватний будинок,Hikvision / Dahua / Uniview,ДВІР
27,2026-08-29,Proof,Ложні тривоги Ajax: чому систему вимикають для салон: тест на реальному сценарії,Ajax,Ajax,ТРИВОГА
28,2026-08-30,Offer,"Під’їзд ОСББ: домофон, доводчик і контроль входу для приватний будинок: до/після без прикрас",ОСББ,Dahua / Hikvision / U-Prox,ПІДЇЗД
29,2026-08-31,Captivate,Самостійний монтаж: чому переробка часто дорожча для склад: скільки коштує помилка,факап,ALT-CAM,АУДИТ
30,2026-09-01,Expert,Скільки днів архіву реально потрібно для кав’ярня: чек-лист перед покупкою,архів,Hikvision / Dahua / Uniview,АРХІВ
31,2026-09-02,Proof,"5 помилок монтажу камер, через які не видно обличчя для квартира: чесне питання власнику",відеоспостереження,Hikvision / Dahua / Uniview,КАМЕРА
32,2026-09-03,Offer,"AcuSense, ColorVu та WizSense простими словами для офіс: антифакап для дому й бізнесу",технології камер,Hikvision / Dahua,ТЕХНОЛОГІЯ
33,2026-09-04,Captivate,"До/після: акуратне кабелювання і серверний щит для паркінг: міф, який коштує грошей",соціальний доказ,ALT-CAM,МОНТАЖ
34,2026-09-05,Expert,"Комплект відеоспостереження на 4 камери під ключ для виробництво: помилка, яку видно лише після проблеми",готовий комплект,Hikvision / Dahua / Uniview,КОМПЛЕКТ
35,2026-09-06,Proof,"Блекаут: що вимкнеться першим — камери, роутер чи Ajax для магазин: тест на реальному сценарії",резервне живлення,Ajax / UPS / LiFePO4,РЕЗЕРВ
36,2026-09-07,Offer,"Безпечне налаштування Hik-Connect, DMSS та Imou Life для ОСББ: до/після без прикрас",віддалений доступ,Hikvision / Dahua / Imou,ДОСТУП
37,2026-09-08,Captivate,"Ajax + камери: як зрозуміти, що сталося під час тривоги для салон: скільки коштує помилка",Ajax,Ajax / Hikvision / Dahua / Uniview,AJAX
38,2026-09-09,Expert,Відеодомофон для будинку: бачити гостя і відкривати зі смартфона для приватний будинок: чек-лист перед покупкою,домофонія,Dahua / Hikvision / Imou,ДОМОФОН
39,2026-09-10,Proof,СКУД для офісу: як прибрати хаос із ключами для склад: чесне питання власнику,контроль доступу,Dahua / Hikvision / U-Prox,СКУД
40,2026-09-11,Offer,"Камера для магазину: каса, вхід і сліпі зони для кав’ярня: антифакап для дому й бізнесу",бізнес,Hikvision / Dahua / Uniview,БІЗНЕС
41,2026-09-12,Captivate,"Двір приватного будинку: як закрити сліпі зони для квартира: міф, який коштує грошей",приватний будинок,Hikvision / Dahua / Uniview,ДВІР
42,2026-09-13,Expert,"Ложні тривоги Ajax: чому систему вимикають для офіс: помилка, яку видно лише після проблеми",Ajax,Ajax,ТРИВОГА
43,2026-09-14,Proof,"Під’їзд ОСББ: домофон, доводчик і контроль входу для паркінг: тест на реальному сценарії",ОСББ,Dahua / Hikvision / U-Prox,ПІДЇЗД
44,2026-09-15,Offer,Самостійний монтаж: чому переробка часто дорожча для виробництво: до/після без прикрас,факап,ALT-CAM,АУДИТ
45,2026-09-16,Captivate,Скільки днів архіву реально потрібно для магазин: скільки коштує помилка,архів,Hikvision / Dahua / Uniview,АРХІВ
46,2026-09-17,Expert,"5 помилок монтажу камер, через які не видно обличчя для ОСББ: чек-лист перед покупкою",відеоспостереження,Hikvision / Dahua / Uniview,КАМЕРА
47,2026-09-18,Proof,"AcuSense, ColorVu та WizSense простими словами для салон: чесне питання власнику",технології камер,Hikvision / Dahua,ТЕХНОЛОГІЯ
48,2026-09-19,Offer,До/після: акуратне кабелювання і серверний щит для приватний будинок: антифакап для дому й бізнесу,соціальний доказ,ALT-CAM,МОНТАЖ
49,2026-09-20,Captivate,"Комплект відеоспостереження на 4 камери під ключ для склад: міф, який коштує грошей",готовий комплект,Hikvision / Dahua / Uniview,КОМПЛЕКТ
50,2026-09-21,Expert,"Блекаут: що вимкнеться першим — камери, роутер чи Ajax для кав’ярня: помилка, яку видно лише після проблеми",резервне живлення,Ajax / UPS / LiFePO4,РЕЗЕРВ
51,2026-09-22,Proof,"Безпечне налаштування Hik-Connect, DMSS та Imou Life для квартира: тест на реальному сценарії",віддалений доступ,Hikvision / Dahua / Imou,ДОСТУП
52,2026-09-23,Offer,"Ajax + камери: як зрозуміти, що сталося під час тривоги для офіс: до/після без прикрас",Ajax,Ajax / Hikvision / Dahua / Uniview,AJAX
53,2026-09-24,Captivate,Відеодомофон для будинку: бачити гостя і відкривати зі смартфона для паркінг: скільки коштує помилка,домофонія,Dahua / Hikvision / Imou,ДОМОФОН
54,2026-09-25,Expert,СКУД для офісу: як прибрати хаос із ключами для виробництво: чек-лист перед покупкою,контроль доступу,Dahua / Hikvision / U-Prox,СКУД
55,2026-09-26,Proof,"Камера для магазину: каса, вхід і сліпі зони для магазин: чесне питання власнику",бізнес,Hikvision / Dahua / Uniview,БІЗНЕС
56,2026-09-27,Offer,Двір приватного будинку: як закрити сліпі зони для ОСББ: антифакап для дому й бізнесу,приватний будинок,Hikvision / Dahua / Uniview,ДВІР
57,2026-09-28,Captivate,"Ложні тривоги Ajax: чому систему вимикають для салон: міф, який коштує грошей",Ajax,Ajax,ТРИВОГА
58,2026-09-29,Expert,"Під’їзд ОСББ: домофон, доводчик і контроль входу для приватний будинок: помилка, яку видно лише після проблеми",ОСББ,Dahua / Hikvision / U-Prox,ПІДЇЗД
59,2026-09-30,Proof,Самостійний монтаж: чому переробка часто дорожча для склад: тест на реальному сценарії,факап,ALT-CAM,АУДИТ
60,2026-10-01,Offer,Скільки днів архіву реально потрібно для кав’ярня: до/після без прикрас,архів,Hikvision / Dahua / Uniview,АРХІВ
