id,title,description,availability,condition,price,link,image_link,brand,product_type,custom_label_0,custom_label_1,custom_label_2
yugtorg-14902,"Пасивний приймач відеосигналу Ritar B-002 8MP AHD / CVI / TV / CVBS, 720P / 960P / 1080P, 3МР, 4МР, 5МР 8МР під пружинні затискачі","Пасивний приймач відеосигналу Ritar B-002 - подбає про передачу відеосигналу у відмінному якості від камери, яка знаходиться на великій відстані, до пристрою відображення. Для того, щоб приймач розкрив свої можливості на максимум, використовуйте кабель високої якості! Особливості: • Пасивний, немає потреби в електроживленні • Відмінні протиударні, антистатичні та протиінтерференційні можливості • Сумісний формат: 8MP AHD / CVI / TV / CVBS Характеристики: • Пасивний приймач відеосигналу по кручений парі • Підтримує роботу з камерами AHD / CVI / TV / CVBS • HD-CVI, HD-TVI, HD-AHD&CVBS, AHD – 1MP на 400 метрів; • AHD – 2МP на 350 метрів; AHD – 5MP на 300 метрів; AHD – 8MP на 200 метрів; • CVI – 1МP на 400 метрів; CVI – 2МP на 300 метрів; CVI – 5MP на 200 метрів; CVI – 8MP на 150 метрів; • TVI – 1МP на 250 метрів; TVI – 2МP на 250 метрів; TVI – 5MP на 200 метрів; TVI – 8MP на 150 метрів; • CVBS на 500 метрів. •Тип підключення до пристрою – BNC –M •Тип підключення до кабелю –Пружинні затискачі •Тип - Корпус + Кабель + BNC •Особливість – у корпусі приймача є пази для з`єднання між собою, це дає можливість упорядкувати комутацію у відеореєстратора з`єднавши 2-4-8-16 пристроїв між собою в єдину лінію • Кількість в упаковці – 2 шт.",in stock,new,98.00 UAH,https://alt-cam.net.ua/catalog.html?product=yugtorg-14902,https://b2b.yugtorg.com/image/data/14902.png,Ritar,Камери відеоспостереження,Камери відеоспостереження,,ALT-CAM retail
viatec-18470,IP відеокамера,"● Роздільна здатність 5МП;● Фокус 2.8мм (кут огляду 110&deg;);● Максимальна роздільна здатність відео 5 МП (2880 &times; 1620) - 25 к\с;● Кодеки H.265, H.264;● ІЧ+видиме світло (до 50м);● Функції зображення: True WDR;● Аналітика та аларми: виявлення руху, виявлення обʼєктів: за допомогою ШІ люди/тварини/транспортні засоби;● Micro SD (максимум 256ГБ);● 12 VDC/PoE;● IP65;● Колір корпусу &ndash; білий",in stock,new,6699.00 UAH,https://alt-cam.net.ua/catalog.html?product=viatec-18470,https://viatec.ua/upload/2/turhl-w13.webp,Ajax,Камери відеоспостереження,Камери відеоспостереження,,ALT-CAM retail
viatec-18473,IP відеокамера,"● Роздільна здатність 5МП;● Фокус 4мм (кут огляду 85&deg;);● Максимальна роздільна здатність відео 5 МП (2880 &times; 1620) - 25 к\с;● Кодеки H.265, H.264;● ІЧ+видиме світло (до 50м);● Функції зображення: True WDR;● Аналітика та аларми: виявлення руху, виявлення обʼєктів: за допомогою ШІ люди/тварини/транспортні засоби;● Micro SD (максимум 256ГБ);● 12 VDC/PoE;● IP65;● Колір корпусу &ndash; білий",in stock,new,6699.00 UAH,https://alt-cam.net.ua/catalog.html?product=viatec-18473,https://viatec.ua/upload/2/turhl-w13.webp,Ajax,Камери відеоспостереження,Камери відеоспостереження,,ALT-CAM retail
viatec-18474,IP відеокамера,"● Роздільна здатність 8МП;● Фокус 2.8мм (кут огляду 110&deg;);● Максимальна роздільна здатність відео 8 МП (3840 &times; 2160) - 20&nbsp; к\с;● Кодеки H.265, H.264;● ІЧ+видиме світло (до 50м);● Функції зображення: True WDR;● Аналітика та аларми: виявлення руху, виявлення обʼєктів: за допомогою ШІ люди/тварини/транспортні засоби;● Micro SD (максимум 256ГБ);● 12 VDC/PoE;● IP65;● Колір корпусу &ndash; білий",in stock,new,8899.00 UAH,https://alt-cam.net.ua/catalog.html?product=viatec-18474,https://viatec.ua/upload/2/turhl-w13.webp,Ajax,Камери відеоспостереження,Камери відеоспостереження,,ALT-CAM retail
viatec-18475,IP відеокамера,"● Роздільна здатність 8МП;● Фокус 4мм (кут огляду 85&deg;);● Максимальна роздільна здатність відео 8 МП (3840 &times; 2160) - 20 к\с;● Кодеки H.265, H.264;● ІЧ+видиме світло (до 50м);● Функції зображення: True WDR;● Аналітика та аларми: виявлення руху, виявлення обʼєктів: за допомогою ШІ люди/тварини/транспортні засоби;● Micro SD (максимум 256ГБ);● 12 VDC/PoE;● IP65;● Колір корпусу &ndash; білий",in stock,new,8899.00 UAH,https://alt-cam.net.ua/catalog.html?product=viatec-18475,https://viatec.ua/upload/2/turhl-w13.webp,Ajax,Камери відеоспостереження,Камери відеоспостереження,,ALT-CAM retail
viatec-18476,IP відеокамера,"● Роздільна здатність 8МП;● Фокус 2.8мм (кут огляду 110&deg;);● Максимальна роздільна здатність відео 8 МП (3840 &times; 2160) - 20 &nbsp;к\с;● Кодеки H.265, H.264;● ІЧ+видиме світло (до 50м);● Функції зображення: True WDR;● Аналітика та аларми: виявлення руху, виявлення обʼєктів: за допомогою ШІ люди/тварини/транспортні засоби;● Micro SD (максимум 256ГБ);● 12 VDC/PoE;● IP65;● Колір корпусу &ndash; чорний",in stock,new,8899.00 UAH,https://alt-cam.net.ua/catalog.html?product=viatec-18476,https://viatec.ua/upload/2/turhl-b14.webp,Ajax,Камери відеоспостереження,Камери відеоспостереження,,ALT-CAM retail
viatec-18477,IP відеокамера,"● Роздільна здатність 8МП;● Фокус 4мм (кут огляду 110&deg;);● Максимальна роздільна здатність відео 8 МП (3840 &times; 2160) - 20 к\с;● Кодеки H.265, H.264;● ІЧ+видиме світло (до 50м);● Функції зображення: True WDR;● Аналітика та аларми: виявлення руху, виявлення обʼєктів: за допомогою ШІ люди/тварини/транспортні засоби;● Micro SD (максимум 256ГБ);● 12 VDC/PoE;● IP65;● Колір корпусу &ndash; чорний",in stock,new,8899.00 UAH,https://alt-cam.net.ua/catalog.html?product=viatec-18477,https://viatec.ua/upload/2/turhl-b14.webp,Ajax,Камери відеоспостереження,Камери відеоспостереження,,ALT-CAM retail
viatec-10456,Відеореєстратор,"Інтегруйте сторонні камери в систему Ajax без зайвого клопоту. NVR забезпечує повну синхронізацію камери з охоронними пристроями. Зручна навігація: всі події відображаються в журналі і прив&rsquo;язані до часових маркерів у відеоархіві. Налаштуйте сценарій, і камери автоматично починатимуть запис за тривогою датчиків. Одночасна підтримка 8 або 16 каналів відеопотоку з роздільною здатністю до 4K. Підтримка накопичувача до 16 ТБ. NVR має програмний розпізнавач руху, що безперервно аналізує зображення. Зона виявлення налаштовується в застосунках Ajax. Можна перемикатися між вбудованим у NVR розпізнавачем руху і стандартним розпізнавачем.",in stock,new,10899.00 UAH,https://alt-cam.net.ua/catalog.html?product=viatec-10456,https://viatec.ua/upload/images/prod/2023-07/nvr_b.webp,Ajax,Відеореєстратори та накопичувачі,Відеореєстратори та накопичувачі,,ALT-CAM retail
viatec-10457,Відеореєстратор,"Інтегруйте сторонні камери в систему Ajax без зайвого клопоту. NVR забезпечує повну синхронізацію камери з охоронними пристроями. Зручна навігація: всі події відображаються в журналі і прив&rsquo;язані до часових маркерів у відеоархіві. Налаштуйте сценарій, і камери автоматично починатимуть запис за тривогою датчиків. Одночасна підтримка 8 або 16 каналів відеопотоку з роздільною здатністю до 4K. Підтримка накопичувача до 16 ТБ. NVR має програмний розпізнавач руху, що безперервно аналізує зображення. Зона виявлення налаштовується в застосунках Ajax. Можна перемикатися між вбудованим у NVR розпізнавачем руху і стандартним розпізнавачем.",in stock,new,10899.00 UAH,https://alt-cam.net.ua/catalog.html?product=viatec-10457,https://viatec.ua/upload/images/prod/2023-07/nvr_w.webp,Ajax,Відеореєстратори та накопичувачі,Відеореєстратори та накопичувачі,,ALT-CAM retail
viatec-10659,Відеореєстратор,"Інтегруйте сторонні камери в систему Ajax без зайвого клопоту. NVR забезпечує повну синхронізацію камери з охоронними пристроями. Зручна навігація: всі події відображаються в журналі і прив&rsquo;язані до часових маркерів у відеоархіві. Налаштуйте сценарій, і камери автоматично починатимуть запис за тривогою датчиків. Одночасна підтримка 8 або 16 каналів відеопотоку з роздільною здатністю до 4K. Підтримка накопичувача до 16 ТБ. NVR має програмний розпізнавач руху, що безперервно аналізує зображення. Зона виявлення налаштовується в застосунках Ajax. Можна перемикатися між вбудованим у NVR розпізнавачем руху і стандартним розпізнавачем.",in stock,new,7299.00 UAH,https://alt-cam.net.ua/catalog.html?product=viatec-10659,https://viatec.ua/upload/images/prod/2023-07/nvr_b.webp,Ajax,Відеореєстратори та накопичувачі,Відеореєстратори та накопичувачі,,ALT-CAM retail
viatec-11384,Відеореєстратор,"Інтегруйте сторонні камери в систему Ajax без зайвого клопоту. NVR забезпечує повну синхронізацію камери з охоронними пристроями. Зручна навігація: всі події відображаються в журналі і прив&rsquo;язані до часових маркерів у відеоархіві. Налаштуйте сценарій, і камери автоматично починатимуть запис за тривогою датчиків. Одночасна підтримка 8 або 16 каналів відеопотоку з роздільною здатністю до 4K. Підтримка накопичувача до 16 ТБ. NVR має програмний розпізнавач руху, що безперервно аналізує зображення. Зона виявлення налаштовується в застосунках Ajax. Можна перемикатися між вбудованим у NVR розпізнавачем руху і стандартним розпізнавачем.",in stock,new,7299.00 UAH,https://alt-cam.net.ua/catalog.html?product=viatec-11384,https://viatec.ua/upload/images/prod/2023-11/Ajax_NVR_(8ch)_(8EU)_white.webp,Ajax,Відеореєстратори та накопичувачі,Відеореєстратори та накопичувачі,,ALT-CAM retail
viatec-16852,Відеодзвінок,"● Камера сенсор 4 MP CMOS;● Роздільна здатність до 2688 &times; 1520 пікселів;● Кути огляду камери горизонтальний: 155&deg;, вертикальний: 90&deg;;● Формат декодування відео H.264;● Динамічний діапазон НDR Wi-Fi;● Модуль Wi-Fi 802.11 b/g/n;● Ключові можливості двосторонній зв&rsquo;язок, виявлення руху, розпізнавання обʼєктів;● Розумне ІЧ підсвічування до 6 м;● Дальність виявлення руху до 4 м;● 12&ndash;24 В;● 145 &times; 47 &times; 34 мм",in stock,new,10499.00 UAH,https://alt-cam.net.ua/catalog.html?product=viatec-16852,https://viatec.ua/upload/images/prod/2025-03/ajax-doorbell-graphite.webp,Ajax,Домофони та викличні панелі,Домофони та викличні панелі,,ALT-CAM retail
viatec-16853,Відеодзвінок,"● Камера сенсор 4 MP CMOS;● Роздільна здатність до 2688 &times; 1520 пікселів;● Кути огляду камери горизонтальний: 155&deg;, вертикальний: 90&deg;;● Формат декодування відео H.264;● Динамічний діапазон НDR Wi-Fi;● Модуль Wi-Fi 802.11 b/g/n;● Ключові можливості двосторонній зв&rsquo;язок, виявлення руху, розпізнавання обʼєктів;● Розумне ІЧ підсвічування до 6 м;● Дальність виявлення руху до 4 м;● 12&ndash;24 В;● 145 &times; 47 &times; 34 мм",in stock,new,10499.00 UAH,https://alt-cam.net.ua/catalog.html?product=viatec-16853,https://viatec.ua/upload/images/prod/2025-03/gray.webp,Ajax,Домофони та викличні панелі,Домофони та викличні панелі,,ALT-CAM retail
viatec-16854,Відеодзвінок,"● Камера сенсор 4 MP CMOS;● Роздільна здатність до 2688 &times; 1520 пікселів;● Кути огляду камери горизонтальний: 155&deg;, вертикальний: 90&deg;;● Формат декодування відео H.264;● Динамічний діапазон НDR Wi-Fi;● Модуль Wi-Fi 802.11 b/g/n;● Ключові можливості двосторонній зв&rsquo;язок, виявлення руху, розпізнавання обʼєктів;● Розумне ІЧ підсвічування до 6 м;● Дальність виявлення руху до 4 м;● 12&ndash;24 В;● 145 &times; 47 &times; 34 мм",in stock,new,10499.00 UAH,https://alt-cam.net.ua/catalog.html?product=viatec-16854,https://viatec.ua/upload/images/prod/2025-03/white.webp,Ajax,Домофони та викличні панелі,Домофони та викличні панелі,,ALT-CAM retail
viatec-12738,Відеодомофон,"● до домофона можливо підключити одночасно 2 панелі виклику і 2 аналогові відеокамери, 2 датчики тривоги і 1 додатковий монітор (телевізор) з НЧ-виходом;● домофон BD-780M White обладнано кольоровим TFT-екраном з діагоналлю 7 дюймів і роздільною здатністю 1024х600 пікселів;● розмова з відвідувачем здійснюється в режимі гучного зв'язку (HandsFree);● керування домофоном відбувається за допомогою сенсорних кнопок;● слот на microSD карту обсягом до 32 Гб (клас не нижче 10-го) - купується окремо;● запис фото/відео за рухом з 4 каналів (одночасно з 1 каналу, де є рух), за тривогою (за умови підключення охоронних датчиків), а також автоматично і вручну;● інтерком;● можливість підключення аудіотрубки;● вбудоване реле керування автоматикою;● вбудований блок живлення.",in stock,new,4388.00 UAH,https://alt-cam.net.ua/catalog.html?product=viatec-12738,https://viatec.ua/upload/images/prod/2024-03/BCOM-BD-780-White1.webp,BCOM,Домофони та викличні панелі,Домофони та викличні панелі,,ALT-CAM retail
viatec-13636,Зчитувач,"● Кардрідер Мifare/Marine;● Корпус із алюмінієвого сплаву;● Вбудований звуковий сигнал;● Інтерфейс RJ45, 10/100M, релейний вихід, Wiegand;● IP65, IK07",in stock,new,6525.00 UAH,https://alt-cam.net.ua/catalog.html?product=viatec-13636,https://viatec.ua/upload/images/prod/2024-06/tiand-acuvox.webp,Akuvox,Системи контролю доступу,Системи контролю доступу,,ALT-CAM retail
viatec-13709,Безконтактна картка,"● Тип карт/брелоків: Mifare 13.56 МГц;● Матеріал: пластик - полівінілхлорид;● Робоча температура, &deg;C: -25 ~ +85;● Розміри, мм: 85.4 x 54 x 0.8;● Вага, г: 5.8",in stock,new,64.00 UAH,https://alt-cam.net.ua/catalog.html?product=viatec-13709,https://viatec.ua/upload/images/prod/2024-06/mifare-plus-2k-s-print.webp,Atis,Системи контролю доступу,Системи контролю доступу,,ALT-CAM retail
viatec-5166,Брелок,RFID брелок RFID-EM-B формату EM-Marin. Робоча частота: 125 кГц. Матеріал: пластик. Колір синій. розміри 35х28х5мм,in stock,new,14.00 UAH,https://alt-cam.net.ua/catalog.html?product=viatec-5166,https://viatec.ua/upload/images/prod/69361185.webp,Atis,Системи контролю доступу,Системи контролю доступу,,ALT-CAM retail
yugtorg-2183,"Датчик магнітоконтакний RL-9805, White, живлення 3 × 1.5V LR44","RL-9805 - це автономна бездротова сигналізація, призначена для охорони дверей та вікон. Вона спрацьовує при розмиканні двох частин: основного блоку із сиреною та магнітного елемента. Основні характеристики: • Тип пристрою: сигналізація з магнітно-контактним датчиком • Гучність: близько 90 дБ – звук різкий і добре чутний • Живлення: три батареї типу LR44 (входять до комплекту) • Відстань спрацьовування: до 15 мм між блоками • Розміри: приблизно 62×30×20 мм • Вага: близько 23 г • Управління: перемикач режимів - 'ON', 'OFF', іноді також 'Chime' (режим дзвінка) Як використовувати: 1. Встановлення: • Очистіть поверхню дверей або вікон. • Встановіть основну частину та магніт поряд один з одним за допомогою двостороннього скотчу. • Магніт повинен бути навпроти датчика на відстані не більше 15 мм. 2. Включення: • Перемкніть пристрій у положення «ON» для активації сирени. • У деяких моделях є режим Chime, у якому пристрій видає короткий сигнал замість сирени. 3. Робота: • При відкритті дверей або вікна магніт віддаляється від основного блоку та спрацьовує сирена. • При закритті — магніт повертається, сирена вимикається автоматично. 4. Відключення: • Щоб тимчасово вимкнути сигналізацію (наприклад, для провітрювання), перейдіть у режим «OFF». 5. Заміна батарейок: • Якщо звук стає тихішим або перестає спрацьовувати сигналізація, замініть батарейки LR44 на нові.",in stock,new,100.00 UAH,https://alt-cam.net.ua/catalog.html?product=yugtorg-2183,https://b2b.yugtorg.com/image/data/02183.png,Voltronic,Ajax та охоронна сигналізація,Ajax та охоронна сигналізація,,ALT-CAM retail
viatec-10328,Антипотоп-система,"Електропривід WaterStop має момент, що крутить, до 8,5 Н&middot;м. Цього достатньо, щоб перекрити кран, якщо його заклинить, і не пошкодити його. Якщо запірний кран в нормі, WaterStop перекриває воду через 5 секунд після отримання команди від користувача або автоматично через тривогу LeaksProtect або іншого датчика протікання. За 5 секунд витікає менше літра води (за умови, що труба має розмір &frac34;&raquo;, а тиск у системі водопостачання становить 2,5 бара). WaterStop можна встановити на трубу для гарячого чи холодного водопостачання &ndash; кран готовий до роботи у складних умовах. Завдяки додатковому захисту WaterStop витримує перевантаження по струму та повідомляє про перегрівання. Електропривод не вийде з ладу, навіть якщо кран заклинило.",in stock,new,6349.00 UAH,https://alt-cam.net.ua/catalog.html?product=viatec-10328,https://viatec.ua/upload/images/prod/2023-07/Ajax_WaterStop_12_(8EU)_white.webp,Ajax,Ajax та охоронна сигналізація,Ajax та охоронна сигналізація,,ALT-CAM retail
yugtorg-16182,"Датчик СМК 3-16 магнітоконтактна напруга 12B, тип контактів Н / З, робоча відстань 18±5% мм, розмір 11X17 мм",Тип датчика: Провідний Середовище використання: Внутрішній Додаткові характеристики: Тип датчика Провідний Середовище встановлення Приміщення Струм споживання 60 мА Тип поверхні монтажу дерево / пластик Тип контактів Н / З Робоча відстань 18±5% мм Колір білий / коричневий Матеріал корпуса Пластик габаритні розміри 11X17 мм,in stock,new,100.00 UAH,https://alt-cam.net.ua/catalog.html?product=yugtorg-16182,https://b2b.yugtorg.com/image/data/16182.png,Trinix,Ajax та охоронна сигналізація,Ajax та охоронна сигналізація,,ALT-CAM retail
viatec-10329,Антипотоп-система,"Електропривід WaterStop має момент, що крутить, до 8,5 Н&middot;м. Цього достатньо, щоб перекрити кран, якщо його заклинить, і не пошкодити його. Якщо запірний кран в нормі, WaterStop перекриває воду через 5 секунд після отримання команди від користувача або автоматично через тривогу LeaksProtect або іншого датчика протікання. За 5 секунд витікає менше літра води (за умови, що труба має розмір &frac34;&raquo;, а тиск у системі водопостачання становить 2,5 бара). WaterStop можна встановити на трубу для гарячого чи холодного водопостачання &ndash; кран готовий до роботи у складних умовах. Завдяки додатковому захисту WaterStop витримує перевантаження по струму та повідомляє про перегрівання. Електропривод не вийде з ладу, навіть якщо кран заклинило.",in stock,new,7199.00 UAH,https://alt-cam.net.ua/catalog.html?product=viatec-10329,https://viatec.ua/upload/images/prod/2023-07/Ajax_WaterStop_%5B34%5D_(8EU)_black.webp,Ajax,Ajax та охоронна сигналізація,Ajax та охоронна сигналізація,,ALT-CAM retail
yugtorg-19998,Електронний вимикач світла з датчиком звуку та світла MR-SK50A / 220 В / 50 Гц LED 40 Вт ( управлiння хлопком),Електронний вимикач світла з датчиком звуку та світла MR-SK50A / 220 В / 50 Гц LED 40 Вт ( управлiння хлопком),in stock,new,100.00 UAH,https://alt-cam.net.ua/catalog.html?product=yugtorg-19998,https://b2b.yugtorg.com/image/data/19998.png,Voltronic,Ajax та охоронна сигналізація,Ajax та охоронна сигналізація,,ALT-CAM retail
yugtorg-31201,"Коннектор MC4 1000V, 50A, луджений-мідний суцільний затискач, трубчастий, перетин 2,5-6 мм², IP67 фотоелектричний для сонячних систем, OEM, чорний","Конектор МС4 фотоелектричний 1500V50A-IP67 для монтажу сонячних систем - простий у встановленні та використанні. Він підходить для використання в різних системах сонячної енергії, включаючи системи для дому, бізнесу та промисловості. Характеристики: • Номінальна напруга, не більше: 1500 В • Номінальний струм не більше: 50 А • Перетин кабелю, що підключається 2.5 ... 6 мм • Клас захисту: IP67 • Клас горючості: UL94-V0; • Температура експлуатації: -40°С...+125°С • Колір чорний Застосування: - Для з`єднання сонячних панелей у фотоелектричні системи - Для використання в різних системах сонячної енергії, включаючи системи для дому, бізнесу та промисловості",in stock,new,100.00 UAH,https://alt-cam.net.ua/catalog.html?product=yugtorg-31201,https://b2b.yugtorg.com/image/data/31201.png,Voltronic,Альтернативна енергетика,Альтернативна енергетика,,ALT-CAM retail
viatec-20813,Сонячна панель,"● Потужність, Pmax 455 Вт;● Тип модуля ABC N-Type;● ККД модуля 22.8%;;● Кількість осередків 108 (6х18) шт;● Напруга холостого ходу, Voc (STC) 41 В;● Струм короткого замикання, Isc (STC) 14,22 А;● Габаритні розміри 1757 x 1134 x 30 мм",in stock,new,4950.00 UAH,https://alt-cam.net.ua/catalog.html?product=viatec-20813,https://viatec.ua/upload/2/Black-2Splus_Dual-glass_bbbf_MAH54Dw-detail.webp,AIKO,Альтернативна енергетика,Альтернативна енергетика,,ALT-CAM retail
yugtorg-33227,Закладна для монтажу сонячних панелей на керамічну черепицю,Опис: Заставна призначена для монтажу сонячних панелей на керамічну черепицю. Характеристики: 1. Матеріал: спеціальний стійкий до погодних умов матеріал 2. Міцність: здатність витримувати вагу сонячних панелей 3. Довговічність: стійкість до впливу сонячних променів та дощу 4. Простота монтажу: зручна конструкція для швидкого встановлення 5. Універсальність: підходить для різних типів керамічної черепиці.,in stock,new,145.00 UAH,https://alt-cam.net.ua/catalog.html?product=yugtorg-33227,https://b2b.yugtorg.com/image/data/33227.png,LG Reen,Альтернативна енергетика,Альтернативна енергетика,,ALT-CAM retail
yugtorg-18667,"Акумулятор 18650 Li-Ion Vipow ICR18650 TipTop, 1200mAh, 3.7V, Blue / 500","Акумулятор 18650 Li-Ion Vipow ICR18650 TipTop - призначений для забезпечення працездатності портативних пристроїв різного призначення з високим постійним споживанням струму, у тому числі в електроінструментах, потужних ліхтарях, електронних сигаретах, дронах та ін. Ці акумулятори мають тривалий термін роботи та зберігають свої властивості в екстремальних умовах з кількістю циклів перезарядки більше 500. Акумулятор 18650 Li-ion завдяки високій щільності струму забезпечує гарантовану стабільну напругу протягом циклу розрядки, одночасно має низький саморозряд 5-7%. Без 'ефекту пам`яті' це дає можливість заряджати його без попереднього розрядки.",in stock,new,36.00 UAH,https://alt-cam.net.ua/catalog.html?product=yugtorg-18667,https://b2b.yugtorg.com/image/data/18667.png,Vipow,Літієві акумулятори,Літієві акумулятори,,ALT-CAM retail
viatec-20414,BMS,"● Робоча напруга 200 ~ 1000 В пост. струму;● Номінальний струм заряду/розряду 160 А;● Номінальний вхідний постійний струм 12&plusmn;2% В/4,15 А;● Діапазон робочих температур -20 ~ 65 &deg;C;● Захист від проникнення IP20;● Розміри (Ш&times;Г&times;В) 572&times;632&times;142.2 мм;● Приблизна вага 21 кг",in stock,new,52097.00 UAH,https://alt-cam.net.ua/catalog.html?product=viatec-20414,https://viatec.ua/upload/2/bosapdu2.webp,Deye,Літієві акумулятори,Літієві акумулятори,,ALT-CAM retail
yugtorg-18668,"Акумулятор 18650 Li-Ion Vipow ICR18650 TipTop, 1500mAh, 3.7V, Blue / 500","Акумулятор 18650 Li-Ion Vipow ICR18650 TipTop - призначений для забезпечення працездатності портативних пристроїв різного призначення з високим постійним споживанням струму, у тому числі в електроінструментах, потужних ліхтарях, електронних сигаретах, дронах та ін. Ці акумулятори мають тривалий термін роботи та зберігають свої властивості в екстремальних умовах з кількістю циклів перезарядки більше 500. Акумулятор 18650 Li-ion завдяки високій щільності струму забезпечує гарантовану стабільну напругу протягом циклу розрядки, одночасно має низький саморозряд 5-7%. Без 'ефекту пам`яті' це дає можливість заряджати його без попереднього розрядки.",in stock,new,44.00 UAH,https://alt-cam.net.ua/catalog.html?product=yugtorg-18668,https://b2b.yugtorg.com/image/data/18668.png,Vipow,Літієві акумулятори,Літієві акумулятори,,ALT-CAM retail
viatec-20895,Зарядний пристрій,"● Тип акумуляторів, що заряджаються - Li-Ion, Ni-Mh, Ni-Cd, LiFePO4● Формат акумуляторів, що заряджаються - Li-ion/LiFePO4: 32650, 26650, 22650, 18650, 17670, 18490, 17500,17335, 16340, (RCR123), 145 Ni-Cd: AA, AAA, C, SC● Вибір струму заряду - 0,5A / 1A● Кінцева напруга заряду - 3,65V / 4,2V / 4,35V / 1,48V● USB-вихід - 5V 1A● Кількість каналів - 1● Вибір струму заряду● Живлення - USB 5В; 1A",in stock,new,220.00 UAH,https://alt-cam.net.ua/catalog.html?product=viatec-20895,https://viatec.ua/upload/2/LiitokalaLii-100B.webp,LiitoKala,Зарядні пристрої,Зарядні пристрої,,ALT-CAM retail
viatec-20896,Зарядний пристрій,"● Тип акумуляторів, що заряджаються - Li-Ion, Ni-Mh, Ni-Cd, LiFePO4● Формат заряджуваних акумуляторів - Li-ion/LiFePO4: 32650, 26650, 22650, 18650, 17670, 18490, 17500,17335, 16340, (RCR123), 145 Ni-Cd: AA, AAA, C, SC● Вибір струму заряду - 0,5A / 1A● Кінцева напруга заряду - 4.2/4,35/3,65/1.48 В● USB-вихід - 5V 1A● Кількість каналів - 2● Функція Power Bank - 5V/1A● Живлення на вході - DC 5V 2A",in stock,new,410.00 UAH,https://alt-cam.net.ua/catalog.html?product=viatec-20896,https://viatec.ua/upload/2/Liitokalalii-202.webp,LiitoKala,Зарядні пристрої,Зарядні пристрої,,ALT-CAM retail
yugtorg-9307,"Батарейка сольова PKCELL 1.5V AA / R6, 2 штуки у блістері ціна за блістер","Технічні характеристики Батарейка сольова забезпечує живлення пристроїв із середньою потужністю. Працює при зниженому та підвищеному температурному режимі. Застосовуються батарейки для диктофонів, плеєрів МР3, іграшок, ліхтариків, пультів дистанційного керування та інших пристроїв. Напруга: 1.5 В Маркування батареї: AА Матеріал упаковки: пластик (блістер) Термін зберігання 3 роки.",in stock,new,15.00 UAH,https://alt-cam.net.ua/catalog.html?product=yugtorg-9307,https://b2b.yugtorg.com/image/data/09307.png,PKCELL,Аксесуари для енергосистем,Аксесуари для енергосистем,,ALT-CAM retail
viatec-17685,Обмежувач перенапруги,"● Тип струму: DC; ● Відповідність стандартам IEC VDE: II / C; ● Призначення: SPD; ● Тип: T2;● Кількість полюсів: 2;● Типорозмір: 2 modules; ● Ступінь захисту: IP20; ● Кріплення: DIN рейка (верхня шина) 35 мм; ● Група каталогу: ETITEC M PV; ● Кількість полюсів: 2; ● Рівень захисту по напрузі Up, (kV): 2;● Технологія: MOV; ● Maксимальний струм розряду Imax (8/20) kA: 40 In (8/20), (kA): 20",in stock,new,3588.00 UAH,https://alt-cam.net.ua/catalog.html?product=viatec-17685,https://viatec.ua/upload/2/eti-pv600.webp,ETI,Аксесуари для енергосистем,Аксесуари для енергосистем,,ALT-CAM retail
yugtorg-20777,"Акумуляторна батарея MERLION AGM GP180 4 V 0,55 Ah (33 x 22 x 56 ), клеми під пайку","Акумуляторна батарея MERLION AGM GP180 – правильна батарея для пристроїв з невеликим споживанням енергії. Міцний корпус, довгий термін служби, широкий спектр застосування - це акб MERLION! Застосування: • ліхтарики • торгові вагові пристрої • у системах резервного освітлення • у складі систем відеоспостереження, сигналізації, контролю доступу • у мережах пожежно-охоронних автоматизованих комплексів Характеристики: • клеми під пайку • тип батареї – AGM • напруга – 4 V • ємність – 0,55 Ah • розміри (ДхШхВ) – 33x22x55 мм • вага – 0,065 кг (Допуск ± 5,0%)",in stock,new,50.00 UAH,https://alt-cam.net.ua/catalog.html?product=yugtorg-20777,https://b2b.yugtorg.com/image/data/20777.png,MERLION,Акумулятори та елементи живлення,Акумулятори та елементи живлення,,ALT-CAM retail
viatec-4598,Батарейка,CR123A 3В; для живлення бездротових датчиків та інших пристроїв системи безпеки Ajax; 34.5x17x17 мм,in stock,new,220.00 UAH,https://alt-cam.net.ua/catalog.html?product=viatec-4598,https://viatec.ua/upload/images/prod/2023-05/ajax_cr123a_3v.webp,Ajax,Акумулятори та елементи живлення,Акумулятори та елементи живлення,,ALT-CAM retail
yugtorg-24809,Мідна гвинтова клема 6mm чорна + червона продаються парою,Мідна гвинтова клема 6mm призначена для надійного контакту акумулятора. Характеристика: Матеріал: мідь Довжина 6мм Колір чорний; Червоний Кількість в упаковці: 2,in stock,new,72.00 UAH,https://alt-cam.net.ua/catalog.html?product=yugtorg-24809,https://b2b.yugtorg.com/image/data/24809.png,Voltronic,Акумулятори та елементи живлення,Акумулятори та елементи живлення,,ALT-CAM retail
yugtorg-20931,"Штанга клапана (штанга штовхача) двигуна генератора 2,5 кВт (168F)",Опис Штанга (L134 / D4*5 мм) клапана (штанга штовхача) двигуна 168F / GX160 / GX200 (1 шт). Довжина: 134 мм. Діаметр: 4*5 мм.,in stock,new,35.00 UAH,https://alt-cam.net.ua/catalog.html?product=yugtorg-20931,https://b2b.yugtorg.com/image/data/20931.png,Voltronic,Аварійне електроживлення,Аварійне електроживлення,,ALT-CAM retail
viatec-20007,Стабілізатор напруги,● Полная мощность: 5000&nbsp;ВА;● Номинальная мощность: 3750Вт;● Режим збереження: з серводвигуном,in stock,new,11311.00 UAH,https://alt-cam.net.ua/catalog.html?product=viatec-20007,https://viatec.ua/upload/2/MSER5000VA.webp,Conter,Аварійне електроживлення,Аварійне електроживлення,,ALT-CAM retail
yugtorg-12376,Підлогове кріплення для ДБЖ,Підлогове кріплення для ДБЖ Тип матеріалу: пластик Колір: чорний,in stock,new,80.00 UAH,https://alt-cam.net.ua/catalog.html?product=yugtorg-12376,https://b2b.yugtorg.com/image/data/12376.png,INVT,Аварійне електроживлення,Аварійне електроживлення,,ALT-CAM retail
viatec-19133,ДБЖ під акб 12В/17A,"● Вхідна напруга: 190 &ndash; 265 В AC;● Вихідна напруга: 13.8 або 14.4 (вибирається джампером: 13.8 для свинцево-кислотних АКБ, 14.4 для LiFePO4);● Вихідний струм: до 5 А;● Максимальна потужність: 100.8 Вт (включаючи заряджання);● Струм заряду акумулятора: 2 А (постійний);● ККД: понад 88%;● Пульсації та шум: &lt; 100 mVp-p;● Акумулятор - 12В LiFePO4/GEL/AGM до 20А&bull;год",in stock,new,1946.00 UAH,https://alt-cam.net.ua/catalog.html?product=viatec-19133,https://viatec.ua/upload/2/EP-UPS-1203HC1.webp,EUROPOWER,Аварійне електроживлення,Аварійне електроживлення,,ALT-CAM retail
yugtorg-20846,"Зарядний пристрій 18650, 4.2V / 500mAh, живлення 110-240V, 3,5 * 1,35 мм, довжина 0,6 м","Зарядний пристрій для акумуляторів 18650 призначений для заряджання акумуляторів, що використовуються у ліхтариках та інших портативних пристроях. З вхідною напругою від 100V до 240V вона підходить для використання в різних країнах і регіонах. Характеристики: - Вхідна напруга: 100V-240V, універсальне живлення - Вихідна напруга: 4.2V, оптимально для заряджання акумуляторів 18650 - Вихідний струм: 500MA - Штекер: 3,5*1,35 мм, стандартний розмір - Довжина кабелю: 0,6 м - Індикація заряджання: Зелений світлодіод у режимі очікування, червоний при зарядці, перемикання на зелений при досягненні напруги 4.16V, продовжує заряджання малим струмом до 4.21V - Захист: Повний захист від короткого замикання та неправильного підключення Зарядний пристрій ідеально підходить для заряджання акумуляторів 18650, які часто використовуються у ліхтариках та інших портативних пристроях. Його компактний розмір та універсальне харчування роблять його зручним для використання вдома, в офісі чи подорожах.",in stock,new,44.00 UAH,https://alt-cam.net.ua/catalog.html?product=yugtorg-20846,https://b2b.yugtorg.com/image/data/20846.png,Voltronic,Адаптери та блоки живлення,Адаптери та блоки живлення,,ALT-CAM retail
viatec-18569,USB-концентратор,"● Інтерфейс: USB 3.1, зворотно сумісний з інтерфейсом USB 3.0/2.0;● Вхід: 1 USB Type-C (тато), кабель 12 см;● Вихід: 3x USB 2.0 Type-A мама + 1x USB 3.1, Type-A мама;● Швидкість передачі: 5 Гбіт/с для USB 3.1, 480 Мбіт/с для USB 2.0",in stock,new,349.00 UAH,https://alt-cam.net.ua/catalog.html?product=viatec-18569,https://viatec.ua/upload/2/UHB-CM-U3P1U2P3-01.webp,Cablexpert,Адаптери та блоки живлення,Адаптери та блоки живлення,,ALT-CAM retail
yugtorg-25306,"Імпульсний адаптер живлення 9В 0,5А (4.5Вт) M090050-2A1 штекер 4.0 / 1.7, довжина 1м","параметри імпульсного адаптера живлення M090050-2A1: 1. Напруга: 9 Вольт. 2. Струм: 0.5 Ампер. 3. Потужність: 4.5 Ватт. 4. Штекер: 4.0 мм (зовнішній діаметр) / 1.7 мм (внутрішній діаметр). 5. Довжина кабелю: 1 метр. Цей адаптер живлення призначений для забезпечення енергією пристроїв з напругою 9 вольт та струмом до 0.5 ампер. Потужність складає 4.5 Вт. Штекер розміром 4.0 / 1.7 міліметрів забезпечує сумісність із пристроями, що підтримують цей тип роз`єму. Довжина кабелю становить 1 метр, що забезпечує достатній запас для зручного підключення.",in stock,new,65.00 UAH,https://alt-cam.net.ua/catalog.html?product=yugtorg-25306,https://b2b.yugtorg.com/image/data/25306.png,Voltronic,Адаптери та блоки живлення,Адаптери та блоки живлення,,ALT-CAM retail
yugtorg-30458,"Патч-корд литий RITAR, UTP, RJ45, Cat.6, 2m, синій, Cu (мідь)","Патч-корд литої RITAR - це готовий комутаційний шнур для побудови високошвидкісних структурованих кабельних мереж. Виріб виконаний у неекранованому виконанні (UTP) з роз`ємами RJ45 та призначений для передачі даних на гігабітних швидкостях. Завдяки литій нероз`ємній конструкції кабель забезпечує підвищену надійність з`єднання в точках з частими підключеннями та механічними навантаженнями. Провідник виконаний із чистої міді (Cu), що гарантує низьке згасання та стабільну передачу сигналу. Цей патч-корд призначений для використання в офісних та домашніх комп`ютерних мережах, серверних кімнатах, дата-центрах, а також для підключення активного мережного обладнання (комутаторів, маршрутизаторів, ПК, ноутбуків, IP-камер, точок доступу). Він вирішує ключові завдання створення надійного фізичного з`єднання між мережевими пристроями, організації акуратного кабельного господарства та забезпечення передачі на швидкості до 1000 Мбіт / с (Gigabit Ethernet) на відстань до 2 метрів. Пристрій ідеально підходить для IT-фахівців, системних адміністраторів, монтажників слаботочних систем, а також для домашніх користувачів, які потребують максимальної якості з`єднання. - Лита нероз`ємна конструкція конекторів, що забезпечує підвищену міцність та стійкість до зламів, розривів та випадкових натягів. - Неекранований тип кабелю (UTP) для стандартних мережевих середовищ без потужних електромагнітних перешкод. - Відповідність категорії 6 (Cat.6) для підтримки швидкостей до 1000 Мбіт / с (Gigabit Ethernet) у смузі частот 250 МГц. - Мідний провідник (Cu) для стабільної передачі сигналу з низьким згасанням та високою якістю з`єднання. - Конектор RJ45 стандартної конструкції для сумісності з будь-яким мережевим обладнанням. - Довжина кабелю 2 метри для локальних з`єднань між сусідніми пристроями або в межах однієї стійки. - Синій колір оболонки, що дозволяє легко ідентифікувати кабель та організувати кольорове маркування. - Гнучка конструкція, зручна для прокладання в кабельних каналах та за робочим столом. Технічні характеристики: • Виробник: RITAR • Тип виробу: патч-корд, комутаційний шнур • Категорія: 6 (Cat.6) • Екранування: UTP (неекранований) • Конектори: RJ45 (8P8C) з обох боків, литі • Матеріал провідника: мідь (Cu) • Довжина: 2 метри • Колір: синій • Застосування: Ethernet мережі, підключення комутаторів, маршрутизаторів, ПК, ноутбуків, IP-камер, точок доступу Патч-корд литий RITAR UTP Cat.6 довжиною 2 метри - це надійне та якісне рішення для компактного підключення ваших мережевих пристроїв. Мідний провідник та лита конструкція гарантують стабільну передачу даних та довговічність. Вибирайте цей кабель для професійного монтажу та домашнього використання.",in stock,new,40.00 UAH,https://alt-cam.net.ua/catalog.html?product=yugtorg-30458,https://b2b.yugtorg.com/image/data/30458.png,УкрПром,Мережеве обладнання,Мережеве обладнання,,ALT-CAM retail
viatec-20051,Кабель,● Тип роз'єму SFP+ до SFP+;● Макс. швидкість 10Gbps;● Вигляд з'єднання Active;● Напруга живлення 3.3V;● Довжина кабелю 3м;● Опір кабелю 100 &Omega;;● Тип кабелю Twinax;● Стандарт 30AWG;● Мінімальний радіус вигину 25 мм;● Матеріал оболонки PVC(OFNR),in stock,new,1378.00 UAH,https://alt-cam.net.ua/catalog.html?product=viatec-20051,https://viatec.ua/upload/2/dac1.webp,Alistar,Мережеве обладнання,Мережеве обладнання,,ALT-CAM retail
yugtorg-2775,Конектор RITAR RJ-12 6P4C UTP Cat-3 (100 шт / уп.),"Конектор RITAR RJ-12 6P4C - призначений для монтажу на кабель UTP Cat-3 за допомогою обтискних кліщів, після чого можна підключати різні пристрої до мережі, найчастіше використовується в телефонних мережах, системах з кнопковими телефонами та міні-АТС. Характеристики: • Тип конектора - RG12 • Для кабелю – UTP Cat-3 • Тип матеріалу – пластик • Кількість слотів – 6 • Кількість контактів – 4 • Тип матеріалу контактів – латунь • Колір – прозорий • Кількість в упаковці – 100 шт.",in stock,new,80.00 UAH,https://alt-cam.net.ua/catalog.html?product=yugtorg-2775,https://b2b.yugtorg.com/image/data/02775.png,Ritar,Мережеве обладнання,Мережеве обладнання,,ALT-CAM retail
viatec-20052,Кабель,● Тип роз'єму SFP+ до SFP+;● Макс. швидкість 10Gbps;● Вигляд з'єднання Active;● Напруга живлення 3.3V;● Довжина кабелю 2м;● Опір кабелю 100 &Omega;;● Тип кабелю Twinax;● Стандарт 30AWG;● Мінімальний радіус вигину 25 мм;● Матеріал оболонки PVC(OFNR),in stock,new,747.00 UAH,https://alt-cam.net.ua/catalog.html?product=viatec-20052,https://viatec.ua/upload/2/dac1.webp,Alistar,Мережеве обладнання,Мережеве обладнання,,ALT-CAM retail
yugtorg-8917,"Кабель Одескабель ПКСВ 2*0,4 ціна за метр (бух.500м)","Опис: Кабель Одескабель ПКСВ 2*0,4 - це кабель із ізольованими провідниками, призначений для використання в сухих та вологих приміщеннях. Він має високу стійкість до зовнішніх впливів і забезпечує надійне з`єднання електричних кіл. Характеристики: - Тип: ПКСВ - Перетин провідників: 2*0,4 мм - Ціна за метр: вказана ціна за бухту завдовжки 500 метрів - Застосування: для використання у сухих та вологих приміщеннях - Стійкість: до зовнішніх впливів",in stock,new,5.40 UAH,https://alt-cam.net.ua/catalog.html?product=yugtorg-8917,https://b2b.yugtorg.com/image/data/08917.png,ОДЕСКАБЕЛЬ,Кабельна продукція,Кабельна продукція,,ALT-CAM retail
viatec-18888,Патчкорд оптичний,"● Волокно: SM (одномод);● Полірування: UPC;● Конектор: SC-SC;● Тип конструкції: Simplex;● Оболонка: LSZH;● Діаметр кабелю, мм.: 3;● Колір кабелю: жовтий;● Довжина, м.: 2",in stock,new,150.00 UAH,https://alt-cam.net.ua/catalog.html?product=viatec-18888,https://viatec.ua/upload/images/prod/2023-03/UPC-1SCSC.webp,CMS,Кабельна продукція,Кабельна продукція,,ALT-CAM retail
yugtorg-8225,"Кабель Одескабель АВВГ-П 2*2,5 (ож) -0,66 ціна за метр",*,in stock,new,12.90 UAH,https://alt-cam.net.ua/catalog.html?product=yugtorg-8225,https://b2b.yugtorg.com/image/data/08225.png,ОДЕСКАБЕЛЬ,Кабельна продукція,Кабельна продукція,,ALT-CAM retail
viatec-21591,Патчкорд оптичний,"● Волокно: SM (одномод);● Полірування: UPC;● Конектор: LC/LC;● Тип конструкції: Дуплекс;● Довжина, м.: 1.5м;● Оболонка: LSZH;● Діаметр кабелю, мм: 2",in stock,new,297.00 UAH,https://alt-cam.net.ua/catalog.html?product=viatec-21591,https://viatec.ua/upload/images/prod/2025-01/patchkord-lc-upc-lc-upc-sm.webp,CMS,Кабельна продукція,Кабельна продукція,,ALT-CAM retail
yugtorg-1221,"Кабель Одескабель ШВПн 2*0,5 білий, ціна за метр",*,in stock,new,14.92 UAH,https://alt-cam.net.ua/catalog.html?product=yugtorg-1221,https://b2b.yugtorg.com/image/data/01221.png,ОДЕСКАБЕЛЬ,Кабельна продукція,Кабельна продукція,,ALT-CAM retail
yugtorg-17325,"Кронштейн для камери PiPo PP 8см, білий пластик","Кронштейн для камери PiPo PP - якість, турбота і надійна опора для твоїх камер. За допомогою цього пристрою, можна налагодити ідеальну систему відеоспостереження де все чітко і злагоджено. Камера - спостерігає, кронштейн - зміцнює камеру і фіксує в потрібному місці відповідаючи за її збереження. Характеристики: • Тип кріплення - Бічний (на стіну) • Довжина - 8 см • Матеріал - пластик • Колір білий • Кількість в упаковці - 1 шт.",in stock,new,30.00 UAH,https://alt-cam.net.ua/catalog.html?product=yugtorg-17325,https://b2b.yugtorg.com/image/data/17325.png,PiPo,Кронштейни та монтажні коробки,Кронштейни та монтажні коробки,,ALT-CAM retail
viatec-13601,Коробка для кріплення камери,● Кабельний ввід PG21;● Ущільнювальне кільце для 1 або 2 кабелів;● Монтажний трос щоб закріпити кришку під час монтажу;● Заземлювальний контакт;● Матеріал алюміній ADC12;● 120 &times; 60 &times; 130 мм;● 468 г,in stock,new,1099.00 UAH,https://alt-cam.net.ua/catalog.html?product=viatec-13601,https://viatec.ua/upload/images/prod/2024-05/AjaxunctionBoxwhite.webp,Ajax,Кронштейни та монтажні коробки,Кронштейни та монтажні коробки,,ALT-CAM retail
yugtorg-21351,"Клема тип ""О"" 16-6-7 СК-МЛ 6мм, провід 10мм2, неізольована, мідно-луджений, під обтиск, ціна за штуку","Клема 16-6-7 СК-МЛ типу 'О' є ефективним рішенням для створення міцних та надійних електричних з`єднань. Виготовлена з міді, клема забезпечує відмінну електричну провідність та тривалий термін служби. Завдяки своїм характеристикам вона ідеально підходить для промислового застосування, у тому числі в ситуаціях з підвищеними вимогами до якості з`єднання. Технічні характеристики: - Тип: Клема 'О' - Модель: 16-6-7 СК-МЛ - Діаметр отвору: 6 мм - Підходящий діаметр дроту: 10 мм^2 - Метод встановлення: Обтиск - Матеріал: Мідь луджений - Ізоляція: Відсутня Вибір клеми 16-6-7 СК-МЛ типу 'О' гарантує високу ефективність та безпеку електричних з`єднань. Продукт стане надійним та довгостроковим рішенням для всіх ваших електротехнічних потреб.",in stock,new,14.00 UAH,https://alt-cam.net.ua/catalog.html?product=yugtorg-21351,https://b2b.yugtorg.com/image/data/21351.png,ОЗКА,Аксесуари та витратні матеріали для монтажу,Аксесуари та витратні матеріали для монтажу,,ALT-CAM retail
viatec-15374,Ізострічка біла,"● Матеріал ПВХ;● Товщина 0,13 мм;● Ширина 18 мм;● Довжина в рулоні 20 м.",in stock,new,66.00 UAH,https://alt-cam.net.ua/catalog.html?product=viatec-15374,https://viatec.ua/upload/images/prod/2024-11/temflex-150-18-mm-h-20-m-bi.webp,3M,Аксесуари та витратні матеріали для монтажу,Аксесуари та витратні матеріали для монтажу,,ALT-CAM retail
yugtorg-24717,"Підрозетник / Коробка стикувальна, бетон Ø68х45мм (з болтами) зелена","Використовують як підрозетник для внутрішньої установки в суцільні стіни (пінобетон, бетон, цегла). Наявність двох з`єднувальних замків, коробка якісно та легко збирається один з одним – при блоковому монтажі • Тип: Стикувальна • Монтаж: Прихована цегла / бетон • Ступінь захисту: IP20 • Розмір глибина, мм: до 45 мм • Діаметр, мм: 68 мм",in stock,new,15.00 UAH,https://alt-cam.net.ua/catalog.html?product=yugtorg-24717,https://b2b.yugtorg.com/image/data/24717.png,УкрПром,Електрика,Електрика,,ALT-CAM retail
yugtorg-13918,"Пластиковий ящик для радіодеталей, діаметр 100мм, 8 відділень","Опис: Пластиковий ящик для радіодеталей призначений для зберігання та організації різних радіодеталей. Він має діаметр 100мм і включає 8 відділень, що забезпечує зручне розміщення і сортування різних компонентів. Характеристики: - Матеріал: пластмаса - Діаметр: 100мм - Кількість відділень: 8 - Колір: може бути різним залежно від виробника - Зручна ручка для перенесення - Прозора кришка для зручності перегляду вмісту - Легкий та міцний, що робить його зручним та довговічним рішенням для зберігання радіодеталей.",in stock,new,22.00 UAH,https://alt-cam.net.ua/catalog.html?product=yugtorg-13918,https://b2b.yugtorg.com/image/data/13918.png,Voltronic,Інструменти,Інструменти,,ALT-CAM retail
yugtorg-19523,"Кронштейн для камери PiPo PP-1492, 150mm кріплення до стелі, білий, пластик з поворотним механізмом OEM","Кронштейн для камери PiPo PP- 1492 - важлива частина системи відеоспостереження, яка відповідає за збереження камери. Даний кронштейн надійно закріпить камеру на стелі. Не варто боятися що камера впаде або буде бовтатися, адже все фіксується дуже міцно, а головне швидко і зрозуміло. Характеристики: • Тип кріплення - стельовий • Матеріал - пластик • Колір білий • Кількість в упаковці - 1 шт.",in stock,new,30.00 UAH,https://alt-cam.net.ua/catalog.html?product=yugtorg-19523,https://b2b.yugtorg.com/image/data/19523.png,PiPo,Кронштейни та монтажні коробки,Кронштейни та монтажні коробки,,ALT-CAM retail
yugtorg-17319,"Кронштейн для камери PiPo PP- 04H, сірий метал, 15cm. 4 штуки в упаковці, ціна за 1 шт","Кронштейн для камери відеоспостереження трехосевой PiPo PP- 04H - якість, турбота і надійна опора для твоїх камер. За допомогою цього пристрою, можна налагодити ідеальну систему відеоспостереження де все чітко і злагоджено. Камера - спостерігає, кронштейн - зкріплює камеру і фіксує в потрібному місці відповідаючи за її сохранність.С 360 градусним кутом повороту і 90 градусним кутом нахилу, цей кронштейн допоможе камері стежити за всім ще пильніше. Особливості: • 360 градусний кут повороту • 90 градусний кут нахилу • металевий корпус Характеристики: • Тип монтажу - настінний • Довжина вильоту - 150мм • 3 отвори для кріплення кронштейна • Діаметр кріплення - 90мм • Кріплення для камери гвинтовий шарнір - Діаметр болта - 6мм • Матеріал корпусу - метал • Сірий колір • Кількість в упаковці - 4 шт.",in stock,new,90.00 UAH,https://alt-cam.net.ua/catalog.html?product=yugtorg-17319,https://b2b.yugtorg.com/image/data/17319.png,PiPo,Кронштейни та монтажні коробки,Кронштейни та монтажні коробки,,ALT-CAM retail
